Employee,Date,Punch In,Punch Out,Working Hours,Status
"Akash Bangar",2026-09-01,10:04 AM,—,4.03,PRESENT
"bhagshree pimple",2026-09-01,10:04 AM,—,4.04,PRESENT
"Omkar Shahaji Gaikwad",2026-09-01,10:18 AM,—,3.80,PRESENT
"Shubham Sominath Desai ",2026-09-01,10:11 AM,—,3.91,PRESENT
"Shubhangi bhoge",2026-09-01,—,—,0.00,CASUAL
"Suraj Chandrakant Irle ",2026-09-01,09:37 AM,—,4.49,PRESENT
"System Admin",2026-09-01,—,—,0.00,ABSENT
"Vaibhav Lohar ",2026-09-01,10:10 AM,—,3.94,PRESENT
"Vishal Udapure",2026-09-01,10:11 AM,—,3.92,PRESENT
"wattamwar jay",2026-09-01,11:12 AM,—,2.90,PRESENT